product_id,category_id
0,176
1,547
2,43
3,511
4,351
5,458
6,74
7,897
8,39
9,990
10,854
11,337
12,206
13,926
14,285
15,734
16,991
17,786
18,705
19,352
20,363
21,164
22,788
23,504
24,971
25,835
26,944
27,476
28,682
29,379
30,271
31,908
32,907
33,764
34,694
35,976
36,573
37,250
38,682
39,423
40,646
41,148
42,935
43,451
44,442
45,940
46,349
47,347
48,115
49,287
50,444
51,634
52,860
53,752
54,873
55,297
56,181
57,400
58,875
59,741
60,158
61,762
62,500
63,159
64,450
65,183
66,803
67,66
68,899
69,988
70,988
71,956
72,998
73,87
74,596
75,888
76,322
77,433
78,127
79,772
80,658
81,76
82,533
83,922
84,256
85,439
86,369
87,745
88,645
89,216
90,577
91,732
92,806
93,241
94,940
95,684
96,808
97,850
98,706
99,38
100,82
101,463
102,593
103,750
104,853
105,412
106,286
107,774
108,981
109,338
110,181
111,461
112,264
113,459
114,270
115,593
116,736
117,724
118,612
119,694
120,723
121,410
122,23
123,494
124,288
125,212
126,467
127,714
128,82
129,736
130,987
131,483
132,5
133,857
134,48
135,975
136,171
137,341
138,77
139,44
140,648
141,949
142,158
143,227
144,269
145,308
146,788
147,126
148,124
149,872
150,347
151,83
152,898
153,876
154,846
155,564
156,105
157,909
158,779
159,664
160,340
161,522
162,139
163,772
164,591
165,846
166,266
167,730
168,28
169,462
170,908
171,187
172,997
173,852
174,536
175,747
176,891
177,815
178,139
179,288
180,535
181,84
182,776
183,951
184,164
185,932
186,539
187,573
188,105
189,51
190,511
191,757
192,332
193,701
194,764
195,149
196,484
197,679
198,185
199,474
200,804
201,420
202,982
203,72
204,576
205,530
206,896
207,63
208,343
209,353
210,456
211,123
212,713
213,909
214,263
215,261
216,875
217,83
218,428
219,740
220,979
221,864
222,95
223,495
224,702
225,491
226,775
227,179
228,10
229,229
230,830
231,48
232,293
233,709
234,147
235,416
236,904
237,62
238,477
239,840
240,746
241,582
242,167
243,281
244,118
245,322
246,173
247,588
248,360
249,750
250,94
251,230
252,39
253,239
254,904
255,617
256,814
257,698
258,260
259,56
260,543
261,412
262,469
263,744
264,783
265,826
266,980
267,551
268,79
269,825
270,97
271,75
272,50
273,439
274,706
275,590
276,980
277,100
278,288
279,965
280,704
281,59
282,837
283,791
284,907
285,57
286,240
287,324
288,41
289,32
290,651
291,183
292,280
293,551
294,534
295,883
296,730
297,811
298,39
299,385
300,25
301,456
302,404
303,122
304,289
305,721
306,211
307,794
308,957
309,372
310,671
311,24
312,456
313,750
314,713
315,224
316,891
317,538
318,101
319,730
320,991
321,564
322,814
323,672
324,729
325,915
326,487
327,167
328,540
329,113
330,576
331,421
332,173
333,2
334,977
335,459
336,847
337,66
338,217
339,68
340,414
341,899
342,341
343,809
344,710
345,246
346,38
347,761
348,461
349,921
350,171
351,813
352,202
353,324
354,113
355,880
356,804
357,682
358,204
359,641
360,605
361,349
362,272
363,195
364,833
365,188
366,150
367,381
368,675
369,932
370,634
371,810
372,854
373,429
374,133
375,183
376,726
377,738
378,263
379,24
380,436
381,888
382,133
383,382
384,212
385,317
386,548
387,578
388,985
389,305
390,907
391,214
392,468
393,241
394,26
395,492
396,413
397,817
398,391
399,27
400,856
401,138
402,263
403,449
404,982
405,549
406,981
407,950
408,350
409,997
410,8
411,719
412,908
413,783
414,975
415,631
416,825
417,618
418,741
419,643
420,597
421,642
422,938
423,225
424,53
425,87
426,860
427,663
428,344
429,408
430,963
431,994
432,285
433,995
434,712
435,82
436,888
437,347
438,504
439,37
440,947
441,986
442,994
443,530
444,384
445,901
446,375
447,572
448,70
449,590
450,818
451,884
452,805
453,913
454,622
455,176
456,207
457,86
458,119
459,626
460,834
461,287
462,371
463,44
464,315
465,301
466,592
467,707
468,783
469,837
470,951
471,326
472,621
473,915
474,517
475,912
476,889
477,77
478,351
479,982
480,357
481,399
482,386
483,540
484,441
485,609
486,927
487,990
488,402
489,38
490,783
491,186
492,347
493,567
494,508
495,857
496,454
497,449
498,699
499,396
500,138
501,207
502,396
503,118
504,440
505,328
506,351
507,464
508,417
509,912
510,257
511,619
512,219
513,336
514,650
515,840
516,303
517,924
518,375
519,842
520,87
521,295
522,628
523,524
524,293
525,406
526,305
527,880
528,802
529,935
530,563
531,654
532,471
533,714
534,78
535,889
536,520
537,214
538,950
539,180
540,973
541,48
542,125
543,227
544,415
545,722
546,346
547,214
548,669
549,100
550,291
551,610
552,840
553,100
554,384
555,721
556,496
557,103
558,724
559,861
560,690
561,538
562,713
563,858
564,428
565,29
566,826
567,103
568,838
569,199
570,132
571,747
572,711
573,967
574,303
575,420
576,893
577,994
578,696
579,577
580,298
581,907
582,471
583,103
584,263
585,444
586,922
587,825
588,208
589,964
590,527
591,877
592,377
593,51
594,786
595,977
596,721
597,117
598,817
599,338
600,814
601,215
602,837
603,104
604,73
605,393
606,900
607,188
608,560
609,709
610,766
611,917
612,211
613,202
614,84
615,286
616,76
617,221
618,915
619,319
620,700
621,356
622,728
623,745
624,543
625,22
626,572
627,435
628,658
629,304
630,38
631,346
632,736
633,947
634,182
635,300
636,827
637,449
638,677
639,910
640,905
641,292
642,207
643,984
644,805
645,5
646,618
647,41
648,610
649,304
650,700
651,22
652,496
653,254
654,859
655,297
656,964
657,725
658,342
659,809
660,439
661,241
662,164
663,774
664,875
665,594
666,615
667,582
668,702
669,991
670,113
671,932
672,49
673,958
674,671
675,651
676,53
677,912
678,320
679,802
680,26
681,731
682,290
683,794
684,291
685,439
686,390
687,406
688,458
689,335
690,139
691,281
692,543
693,955
694,778
695,56
696,995
697,267
698,528
699,577
700,937
701,346
702,560
703,722
704,907
705,193
706,601
707,794
708,59
709,299
710,456
711,242
712,215
713,597
714,432
715,11
716,903
717,125
718,991
719,490
720,811
721,189
722,727
723,569
724,174
725,24
726,541
727,882
728,650
729,120
730,399
731,366
732,963
733,912
734,786
735,799
736,188
737,437
738,246
739,360
740,994
741,745
742,960
743,860
744,52
745,691
746,343
747,866
748,658
749,159
750,661
751,641
752,783
753,703
754,860
755,429
756,843
757,548
758,131
759,154
760,995
761,961
762,257
763,457
764,633
765,395
766,714
767,523
768,919
769,609
770,312
771,22
772,25
773,63
774,233
775,495
776,189
777,201
778,123
779,234
780,410
781,24
782,655
783,33
784,704
785,102
786,861
787,114
788,8
789,697
790,211
791,99
792,123
793,479
794,735
795,500
796,829
797,137
798,824
799,344
800,534
801,658
802,951
803,488
804,959
805,276
806,38
807,32
808,933
809,456
810,19
811,547
812,211
813,646
814,414
815,336
816,966
817,701
818,240
819,524
820,187
821,272
822,149
823,499
824,593
825,743
826,618
827,746
828,43
829,197
830,784
831,930
832,578
833,462
834,81
835,121
836,707
837,180
838,952
839,13
840,440
841,368
842,591
843,436
844,619
845,905
846,673
847,752
848,174
849,399
850,491
851,498
852,691
853,871
854,271
855,365
856,847
857,883
858,923
859,244
860,97
861,470
862,925
863,924
864,645
865,748
866,258
867,68
868,3
869,623
870,416
871,419
872,725
873,487
874,894
875,488
876,365
877,548
878,557
879,467
880,530
881,772
882,686
883,412
884,518
885,134
886,355
887,873
888,29
889,180
890,933
891,49
892,72
893,983
894,769
895,837
896,896
897,927
898,44
899,211
900,320
901,866
902,426
903,196
904,788
905,961
906,68
907,455
908,448
909,358
910,258
911,598
912,856
913,691
914,164
915,293
916,231
917,253
918,658
919,34
920,338
921,956
922,653
923,602
924,245
925,79
926,378
927,543
928,868
929,119
930,838
931,80
932,708
933,86
934,179
935,971
936,929
937,810
938,447
939,303
940,140
941,236
942,279
943,726
944,54
945,29
946,855
947,530
948,317
949,831
950,530
951,830
952,369
953,130
954,18
955,801
956,3
957,847
958,463
959,752
960,627
961,348
962,76
963,142
964,344
965,735
966,167
967,901
968,726
969,641
970,75
971,617
972,268
973,150
974,580
975,253
976,208
977,646
978,44
979,47
980,620
981,1
982,966
983,582
984,739
985,574
986,883
987,629
988,493
989,254
990,183
991,170
992,759
993,685
994,742
995,105
996,832
997,908
998,88
999,637
1000,677
1001,344
1002,453
1003,111
1004,351
1005,502
1006,19
1007,26
1008,919
1009,744
1010,199
1011,261
1012,943
1013,616
1014,561
1015,34
1016,597
1017,957
1018,760
1019,222
1020,308
1021,665
1022,701
1023,415
1024,765
1025,807
1026,87
1027,613
1028,628
1029,377
1030,348
1031,852
1032,564
1033,614
1034,994
1035,136
1036,511
1037,217
1038,224
1039,125
1040,872
1041,228
1042,267
1043,725
1044,471
1045,60
1046,623
1047,322
1048,936
1049,349
1050,85
1051,912
1052,966
1053,158
1054,32
1055,329
1056,589
1057,709
1058,28
1059,239
1060,857
1061,81
1062,509
1063,500
1064,145
1065,877
1066,606
1067,872
1068,811
1069,848
1070,129
1071,808
1072,998
1073,742
1074,500
1075,310
1076,103
1077,260
1078,623
1079,201
1080,372
1081,380
1082,245
1083,228
1084,337
1085,376
1086,190
1087,558
1088,42
1089,202
1090,410
1091,691
1092,134
1093,726
1094,748
1095,519
1096,812
1097,346
1098,519
1099,974
1100,922
1101,72
1102,219
1103,980
1104,148
1105,341
1106,945
1107,772
1108,253
1109,265
1110,779
1111,441
1112,406
1113,926
1114,797
1115,448
1116,961
1117,54
1118,773
1119,842
1120,598
1121,811
1122,870
1123,921
1124,17
1125,496
1126,313
1127,53
1128,408
1129,438
1130,62
1131,110
1132,613
1133,818
1134,304
1135,626
1136,182
1137,94
1138,19
1139,41
1140,603
1141,109
1142,255
1143,56
1144,660
1145,609
1146,690
1147,253
1148,7
1149,496
1150,14
1151,942
1152,430
1153,866
1154,85
1155,130
1156,321
1157,776
1158,534
1159,55
1160,924
1161,417
1162,217
1163,457
1164,42
1165,867
1166,430
1167,701
1168,731
1169,812
1170,593
1171,512
1172,189
1173,858
1174,812
1175,541
1176,956
1177,470
1178,152
1179,767
1180,137
1181,862
1182,704
1183,371
1184,988
1185,73
1186,90
1187,694
1188,593
1189,947
1190,403
1191,726
1192,412
1193,272
1194,371
1195,606
1196,121
1197,995
1198,242
1199,763
1200,654
1201,920
1202,997
1203,308
1204,409
1205,160
1206,347
1207,81
1208,111
1209,697
1210,343
1211,285
1212,668
1213,810
1214,121
1215,444
1216,471
1217,65
1218,739
1219,542
1220,726
1221,787
1222,21
1223,276
1224,336
1225,207
1226,645
1227,847
1228,493
1229,691
1230,187
1231,970
1232,100
1233,118
1234,803
1235,691
1236,178
1237,91
1238,324
1239,423
1240,943
1241,146
1242,166
1243,797
1244,322
1245,463
1246,815
1247,442
1248,822
1249,905
1250,341
1251,451
1252,123
1253,430
1254,225
1255,314
1256,724
1257,662
1258,572
1259,278
1260,501
1261,498
1262,100
1263,376
1264,82
1265,342
1266,65
1267,773
1268,534
1269,660
1270,729
1271,667
1272,329
1273,906
1274,132
1275,311
1276,777
1277,514
1278,587
1279,242
1280,648
1281,565
1282,160
1283,345
1284,363
1285,845
1286,146
1287,686
1288,873
1289,239
1290,776
1291,329
1292,842
1293,625
1294,655
1295,277
1296,321
1297,983
1298,70
1299,767
1300,989
1301,273
1302,700
1303,565
1304,724
1305,51
1306,28
1307,590
1308,321
1309,10
1310,553
1311,499
1312,561
1313,318
1314,693
1315,706
1316,666
1317,495
1318,413
1319,648
1320,697
1321,642
1322,907
1323,78
1324,747
1325,822
1326,112
1327,66
1328,651
1329,678
1330,183
1331,501
1332,395
1333,452
1334,927
1335,196
1336,12
1337,103
1338,209
1339,344
1340,153
1341,424
1342,806
1343,996
1344,310
1345,457
1346,983
1347,868
1348,715
1349,732
1350,604
1351,579
1352,585
1353,211
1354,187
1355,290
1356,150
1357,303
1358,905
1359,804
1360,490
1361,680
1362,677
1363,554
1364,141
1365,999
1366,881
1367,725
1368,876
1369,802
1370,413
1371,31
1372,771
1373,31
1374,670
1375,687
1376,694
1377,13
1378,190
1379,811
1380,551
1381,70
1382,586
1383,313
1384,199
1385,529
1386,169
1387,180
1388,173
1389,656
1390,163
1391,967
1392,987
1393,489
1394,711
1395,393
1396,202
1397,386
1398,405
1399,118
1400,134
1401,811
1402,205
1403,757
1404,829
1405,56
1406,874
1407,597
1408,80
1409,976
1410,158
1411,546
1412,928
1413,75
1414,914
1415,444
1416,42
1417,353
1418,71
1419,615
1420,675
1421,892
1422,405
1423,38
1424,559
1425,676
1426,15
1427,63
1428,349
1429,646
1430,295
1431,179
1432,761
1433,650
1434,378
1435,335
1436,828
1437,153
1438,227
1439,235
1440,943
1441,77
1442,793
1443,288
1444,837
1445,492
1446,142
1447,782
1448,587
1449,961
1450,675
1451,176
1452,881
1453,746
1454,66
1455,170
1456,663
1457,659
1458,937
1459,4
1460,594
1461,212
1462,969
1463,834
1464,122
1465,907
1466,980
1467,722
1468,602
1469,367
1470,884
1471,212
1472,308
1473,446
1474,619
1475,263
1476,71
1477,588
1478,754
1479,827
1480,791
1481,370
1482,683
1483,32
1484,249
1485,90
1486,927
1487,270
1488,798
1489,186
1490,474
1491,206
1492,808
1493,869
1494,148
1495,128
1496,220
1497,330
1498,419
1499,752
1500,434
1501,351
1502,460
1503,7
1504,94
1505,619
1506,561
1507,309
1508,221
1509,153
1510,999
1511,961
1512,170
1513,986
1514,69
1515,118
1516,999
1517,116
1518,640
1519,904
1520,639
1521,842
1522,906
1523,431
1524,689
1525,633
1526,485
1527,601
1528,987
1529,50
1530,588
1531,139
1532,333
1533,652
1534,485
1535,523
1536,229
1537,724
1538,255
1539,805
1540,732
1541,261
1542,265
1543,610
1544,864
1545,87
1546,114
1547,174
1548,76
1549,402
1550,204
1551,218
1552,94
1553,616
1554,491
1555,51
1556,724
1557,437
1558,760
1559,969
1560,440
1561,90
1562,357
1563,575
1564,452
1565,390
1566,865
1567,889
1568,967
1569,77
1570,455
1571,375
1572,708
1573,232
1574,877
1575,802
1576,49
1577,634
1578,525
1579,832
1580,488
1581,805
1582,585
1583,688
1584,659
1585,507
1586,175
1587,800
1588,841
1589,245
1590,526
1591,26
1592,957
1593,654
1594,578
1595,936
1596,936
1597,694
1598,711
1599,884
1600,5
1601,46
1602,808
1603,838
1604,604
1605,462
1606,434
1607,211
1608,825
1609,267
1610,908
1611,112
1612,369
1613,646
1614,267
1615,598
1616,584
1617,127
1618,305
1619,989
1620,172
1621,526
1622,606
1623,143
1624,518
1625,632
1626,545
1627,237
1628,863
1629,711
1630,627
1631,656
1632,479
1633,398
1634,571
1635,821
1636,394
1637,499
1638,529
1639,967
1640,155
1641,306
1642,518
1643,930
1644,362
1645,593
1646,798
1647,72
1648,316
1649,817
1650,362
1651,280
1652,870
1653,142
1654,420
1655,741
1656,12
1657,523
1658,462
1659,502
1660,608
1661,578
1662,268
1663,521
1664,353
1665,443
1666,473
1667,292
1668,374
1669,267
1670,138
1671,146
1672,355
1673,574
1674,272
1675,282
1676,588
1677,117
1678,884
1679,505
1680,716
1681,271
1682,479
1683,218
1684,879
1685,950
1686,319
1687,569
1688,595
1689,673
1690,370
1691,939
1692,938
1693,950
1694,18
1695,95
1696,603
1697,619
1698,111
1699,827
1700,442
1701,597
1702,98
1703,42
1704,125
1705,978
1706,301
1707,849
1708,279
1709,32
1710,324
1711,448
1712,584
1713,805
1714,201
1715,136
1716,182
1717,204
1718,420
1719,675
1720,27
1721,747
1722,158
1723,834
1724,760
1725,785
1726,297
1727,185
1728,146
1729,937
1730,897
1731,691
1732,725
1733,502
1734,906
1735,313
1736,784
1737,929
1738,343
1739,865
1740,550
1741,823
1742,387
1743,360
1744,165
1745,440
1746,82
1747,841
1748,388
1749,820
1750,73
1751,930
1752,859
1753,411
1754,570
1755,77
1756,127
1757,207
1758,469
1759,909
1760,617
1761,135
1762,651
1763,879
1764,458
1765,86
1766,289
1767,240
1768,998
1769,431
1770,40
1771,263
1772,131
1773,555
1774,888
1775,15
1776,391
1777,249
1778,477
1779,874
1780,986
1781,599
1782,328
1783,341
1784,50
1785,317
1786,321
1787,277
1788,848
1789,108
1790,455
1791,257
1792,671
1793,484
1794,127
1795,560
1796,216
1797,449
1798,91
1799,340
1800,155
1801,371
1802,471
1803,632
1804,133
1805,821
1806,626
1807,965
1808,894
1809,330
1810,772
1811,952
1812,657
1813,478
1814,288
1815,524
1816,1
1817,78
1818,968
1819,417
1820,355
1821,713
1822,792
1823,895
1824,500
1825,31
1826,603
1827,553
1828,915
1829,250
1830,49
1831,117
1832,847
1833,534
1834,186
1835,958
1836,157
1837,20
1838,446
1839,789
1840,937
1841,517
1842,578
1843,401
1844,877
1845,337
1846,736
1847,969
1848,796
1849,522
1850,428
1851,925
1852,242
1853,789
1854,325
1855,712
1856,722
1857,812
1858,663
1859,893
1860,738
1861,710
1862,303
1863,752
1864,708
1865,428
1866,977
1867,156
1868,150
1869,665
1870,195
1871,422
1872,214
1873,820
1874,818
1875,334
1876,114
1877,484
1878,48
1879,230
1880,282
1881,103
1882,935
1883,289
1884,804
1885,0
1886,787
1887,387
1888,262
1889,602
1890,345
1891,150
1892,860
1893,198
1894,2
1895,103
1896,233
1897,751
1898,350
1899,606
1900,643
1901,188
1902,688
1903,935
1904,633
1905,667
1906,305
1907,691
1908,927
1909,561
1910,11
1911,460
1912,620
1913,660
1914,221
1915,288
1916,558
1917,540
1918,298
1919,601
1920,173
1921,3
1922,782
1923,938
1924,174
1925,836
1926,480
1927,215
1928,259
1929,845
1930,330
1931,711
1932,766
1933,966
1934,782
1935,35
1936,406
1937,933
1938,241
1939,726
1940,558
1941,442
1942,563
1943,808
1944,596
1945,589
1946,65
1947,469
1948,184
1949,429
1950,839
1951,639
1952,964
1953,464
1954,446
1955,702
1956,475
1957,678
1958,273
1959,405
1960,984
1961,800
1962,252
1963,601
1964,814
1965,299
1966,913
1967,417
1968,251
1969,988
1970,50
1971,488
1972,87
1973,562
1974,978
1975,263
1976,811
1977,397
1978,906
1979,841
1980,298
1981,678
1982,371
1983,501
1984,161
1985,576
1986,52
1987,585
1988,594
1989,751
1990,794
1991,105
1992,398
1993,818
1994,178
1995,377
1996,258
1997,489
1998,344
1999,823
2000,613
2001,2
2002,919
2003,589
2004,239
2005,642
2006,943
2007,363
2008,742
2009,766
2010,598
2011,724
2012,193
2013,544
2014,354
2015,912
2016,249
2017,135
2018,600
2019,936
2020,737
2021,147
2022,894
2023,526
2024,20
2025,674
2026,466
2027,719
2028,105
2029,569
2030,580
2031,645
2032,237
2033,469
2034,107
2035,14
2036,356
2037,988
2038,446
2039,34
2040,890
2041,721
2042,107
2043,949
2044,658
2045,917
2046,335
2047,218
2048,189
2049,581
2050,933
2051,843
2052,44
2053,193
2054,831
2055,987
2056,992
2057,335
2058,51
2059,449
2060,122
2061,393
2062,332
2063,386
2064,651
2065,501
2066,656
2067,386
2068,586
2069,642
2070,713
2071,903
2072,498
2073,553
2074,356
2075,172
2076,638
2077,218
2078,574
2079,665
2080,537
2081,731
2082,88
2083,355
2084,509
2085,687
2086,381
2087,971
2088,858
2089,65
2090,165
2091,250
2092,631
2093,182
2094,608
2095,454
2096,828
2097,616
2098,335
2099,829
2100,235
2101,852
2102,862
2103,180
2104,866
2105,329
2106,85
2107,71
2108,790
2109,38
2110,890
2111,192
2112,750
2113,242
2114,805
2115,562
2116,108
2117,733
2118,597
2119,562
2120,946
2121,800
2122,90
2123,370
2124,651
2125,65
2126,958
2127,725
2128,188
2129,631
2130,789
2131,229
2132,699
2133,252
2134,506
2135,199
2136,666
2137,996
2138,488
2139,944
2140,258
2141,434
2142,87
2143,139
2144,260
2145,355
2146,202
2147,699
2148,953
2149,649
2150,919
2151,231
2152,590
2153,263
2154,837
2155,193
2156,337
2157,374
2158,888
2159,889
2160,523
2161,500
2162,279
2163,71
2164,557
2165,450
2166,921
2167,473
2168,121
2169,858
2170,624
2171,105
2172,294
2173,935
2174,468
2175,640
2176,96
2177,936
2178,687
2179,178
2180,38
2181,273
2182,33
2183,611
2184,771
2185,991
2186,675
2187,995
2188,543
2189,399
2190,628
2191,30
2192,680
2193,291
2194,503
2195,378
2196,25
2197,843
2198,585
2199,761
2200,378
2201,213
2202,42
2203,613
2204,34
2205,729
2206,410
2207,596
2208,437
2209,513
2210,528
2211,67
2212,230
2213,384
2214,981
2215,735
2216,856
2217,41
2218,702
2219,316
2220,559
2221,450
2222,335
2223,658
2224,867
2225,765
2226,261
2227,624
2228,196
2229,850
2230,575
2231,226
2232,314
2233,655
2234,765
2235,139
2236,137
2237,403
2238,668
2239,661
2240,510
2241,981
2242,387
2243,222
2244,142
2245,958
2246,759
2247,524
2248,37
2249,612
2250,814
2251,119
2252,922
2253,60
2254,180
2255,439
2256,622
2257,283
2258,869
2259,206
2260,492
2261,521
2262,259
2263,12
2264,346
2265,671
2266,996
2267,528
2268,140
2269,324
2270,77
2271,139
2272,463
2273,977
2274,583
2275,781
2276,365
2277,813
2278,316
2279,23
2280,973
2281,413
2282,38
2283,275
2284,935
2285,648
2286,412
2287,735
2288,474
2289,752
2290,947
2291,263
2292,842
2293,897
2294,892
2295,27
2296,17
2297,72
2298,493
2299,972
2300,428
2301,958
2302,594
2303,748
2304,20
2305,44
2306,353
2307,175
2308,545
2309,196
2310,692
2311,854
2312,962
2313,733
2314,678
2315,917
2316,520
2317,148
2318,321
2319,241
2320,693
2321,724
2322,253
2323,902
2324,453
2325,409
2326,13
2327,452
2328,762
2329,508
2330,343
2331,569
2332,183
2333,308
2334,387
2335,373
2336,517
2337,449
2338,35
2339,196
2340,338
2341,123
2342,276
2343,113
2344,180
2345,59
2346,460
2347,309
2348,995
2349,455
2350,35
2351,971
2352,941
2353,575
2354,884
2355,256
2356,237
2357,904
2358,931
2359,717
2360,846
2361,863
2362,682
2363,406
2364,45
2365,373
2366,500
2367,112
2368,480
2369,887
2370,831
2371,270
2372,422
2373,239
2374,786
2375,874
2376,74
2377,81
2378,194
2379,260
2380,619
2381,0
2382,934
2383,821
2384,967
2385,118
2386,622
2387,757
2388,28
2389,130
2390,566
2391,475
2392,63
2393,458
2394,850
2395,914
2396,961
2397,467
2398,790
2399,553
2400,38
2401,425
2402,330
2403,775
2404,667
2405,227
2406,125
2407,687
2408,841
2409,617
2410,917
2411,785
2412,265
2413,147
2414,614
2415,31
2416,217
2417,738
2418,724
2419,748
2420,82
2421,195
2422,705
2423,444
2424,186
2425,85
2426,648
2427,375
2428,939
2429,168
2430,103
2431,563
2432,52
2433,426
2434,493
2435,6
2436,895
2437,534
2438,341
2439,691
2440,837
2441,956
2442,729
2443,611
2444,320
2445,943
2446,720
2447,760
2448,495
2449,122
2450,524
2451,165
2452,516
2453,704
2454,996
2455,117
2456,439
2457,1
2458,967
2459,813
2460,91
2461,395
2462,478
2463,202
2464,327
2465,217
2466,688
2467,564
2468,488
2469,901
2470,224
2471,926
2472,272
2473,126
2474,655
2475,51
2476,103
2477,723
2478,439
2479,684
2480,996
2481,907
2482,734
2483,362
2484,599
2485,185
2486,56
2487,374
2488,128
2489,561
2490,278
2491,444
2492,254
2493,734
2494,165
2495,17
2496,614
2497,242
2498,50
2499,321
2500,326
2501,569
2502,111
2503,992
2504,955
2505,169
2506,905
2507,302
2508,748
2509,0
2510,447
2511,914
2512,922
2513,591
2514,663
2515,327
2516,902
2517,302
2518,104
2519,446
2520,386
2521,816
2522,342
2523,639
2524,437
2525,432
2526,854
2527,717
2528,273
2529,281
2530,60
2531,666
2532,570
2533,211
2534,235
2535,184
2536,643
2537,530
2538,626
2539,988
2540,301
2541,44
2542,238
2543,75
2544,519
2545,367
2546,510
2547,302
2548,47
2549,210
2550,718
2551,806
2552,377
2553,891
2554,292
2555,480
2556,474
2557,243
2558,449
2559,864
2560,655
2561,332
2562,136
2563,679
2564,956
2565,864
2566,609
2567,0
2568,959
2569,695
2570,367
2571,79
2572,169
2573,918
2574,648
2575,833
2576,531
2577,864
2578,647
2579,663
2580,62
2581,412
2582,135
2583,494
2584,907
2585,140
2586,322
2587,725
2588,315
2589,980
2590,374
2591,306
2592,741
2593,782
2594,736
2595,241
2596,85
2597,765
2598,719
2599,916
2600,543
2601,330
2602,103
2603,114
2604,17
2605,364
2606,248
2607,163
2608,246
2609,617
2610,195
2611,555
2612,366
2613,159
2614,852
2615,693
2616,979
2617,71
2618,291
2619,379
2620,523
2621,879
2622,560
2623,179
2624,491
2625,632
2626,681
2627,669
2628,755
2629,868
2630,193
2631,201
2632,334
2633,183
2634,965
2635,883
2636,956
2637,213
2638,255
2639,240
2640,73
2641,112
2642,157
2643,982
2644,713
2645,487
2646,124
2647,872
2648,0
2649,680
2650,683
2651,59
2652,563
2653,985
2654,307
2655,864
2656,955
2657,134
2658,972
2659,952
2660,852
2661,663
2662,315
2663,200
2664,325
2665,52
2666,403
2667,624
2668,771
2669,601
2670,282
2671,966
2672,972
2673,599
2674,103
2675,143
2676,358
2677,367
2678,878
2679,418
2680,238
2681,288
2682,553
2683,331
2684,706
2685,448
2686,197
2687,252
2688,788
2689,903
2690,100
2691,450
2692,668
2693,450
2694,539
2695,84
2696,134
2697,501
2698,683
2699,295
2700,765
2701,805
2702,710
2703,395
2704,705
2705,675
2706,153
2707,230
2708,927
2709,828
2710,367
2711,438
2712,540
2713,453
2714,4
2715,720
2716,349
2717,196
2718,497
2719,651
2720,66
2721,776
2722,853
2723,728
2724,691
2725,225
2726,34
2727,280
2728,525
2729,883
2730,539
2731,30
2732,197
2733,200
2734,106
2735,727
2736,255
2737,520
2738,721
2739,976
2740,146
2741,574
2742,831
2743,980
2744,955
2745,74
2746,955
2747,305
2748,734
2749,816
2750,593
2751,562
2752,778
2753,287
2754,173
2755,462
2756,74
2757,28
2758,776
2759,470
2760,52
2761,427
2762,535
2763,873
2764,292
2765,895
2766,636
2767,295
2768,970
2769,768
2770,705
2771,656
2772,740
2773,392
2774,131
2775,338
2776,76
2777,179
2778,330
2779,84
2780,120
2781,467
2782,307
2783,559
2784,167
2785,926
2786,96
2787,923
2788,5
2789,541
2790,331
2791,108
2792,824
2793,858
2794,243
2795,860
2796,647
2797,503
2798,215
2799,779
2800,123
2801,443
2802,794
2803,787
2804,24
2805,879
2806,355
2807,114
2808,202
2809,87
2810,906
2811,752
2812,673
2813,156
2814,78
2815,398
2816,498
2817,302
2818,370
2819,873
2820,38
2821,870
2822,707
2823,572
2824,981
2825,597
2826,551
2827,977
2828,705
2829,980
2830,156
2831,984
2832,142
2833,141
2834,901
2835,575
2836,810
2837,452
2838,757
2839,140
2840,966
2841,914
2842,484
2843,1
2844,610
2845,276
2846,364
2847,825
2848,637
2849,695
2850,856
2851,515
2852,59
2853,534
2854,832
2855,531
2856,244
2857,257
2858,281
2859,803
2860,233
2861,807
2862,783
2863,699
2864,106
2865,184
2866,838
2867,903
2868,916
2869,136
2870,599
2871,610
2872,784
2873,810
2874,22
2875,280
2876,802
2877,185
2878,52
2879,759
2880,462
2881,484
2882,474
2883,242
2884,170
2885,48
2886,867
2887,920
2888,524
2889,248
2890,246
2891,840
2892,122
2893,856
2894,286
2895,707
2896,48
2897,296
2898,354
2899,43
2900,211
2901,612
2902,562
2903,980
2904,928
2905,608
2906,697
2907,621
2908,421
2909,246
2910,416
2911,568
2912,523
2913,152
2914,85
2915,469
2916,879
2917,369
2918,371
2919,580
2920,996
2921,505
2922,26
2923,308
2924,367
2925,29
2926,892
2927,442
2928,804
2929,54
2930,118
2931,761
2932,820
2933,820
2934,752
2935,20
2936,825
2937,796
2938,77
2939,24
2940,572
2941,149
2942,713
2943,602
2944,904
2945,72
2946,971
2947,469
2948,449
2949,192
2950,464
2951,201
2952,80
2953,828
2954,627
2955,244
2956,584
2957,506
2958,345
2959,266
2960,779
2961,736
2962,230
2963,710
2964,307
2965,838
2966,742
2967,848
2968,39
2969,205
2970,942
2971,520
2972,25
2973,819
2974,494
2975,986
2976,287
2977,31
2978,80
2979,817
2980,405
2981,165
2982,829
2983,570
2984,168
2985,833
2986,762
2987,261
2988,63
2989,957
2990,823
2991,596
2992,941
2993,390
2994,624
2995,692
2996,222
2997,359
2998,932
2999,960
3000,526
3001,666
3002,161
3003,236
3004,299
3005,100
3006,996
3007,633
3008,311
3009,647
3010,989
3011,261
3012,611
3013,871
3014,463
3015,724
3016,902
3017,24
3018,299
3019,821
3020,15
3021,253
3022,842
3023,550
3024,839
3025,745
3026,988
3027,442
3028,99
3029,858
3030,340
3031,317
3032,986
3033,148
3034,125
3035,758
3036,784
3037,875
3038,158
3039,125
3040,691
3041,34
3042,114
3043,875
3044,393
3045,680
3046,526
3047,208
3048,33
3049,325
3050,223
3051,378
3052,614
3053,886
3054,453
3055,509
3056,808
3057,210
3058,895
3059,735
3060,597
3061,501
3062,249
3063,557
3064,890
3065,5
3066,960
3067,236
3068,790
3069,169
3070,615
3071,454
3072,956
3073,992
3074,901
3075,447
3076,661
3077,659
3078,58
3079,199
3080,34
3081,337
3082,318
3083,271
3084,252
3085,616
3086,756
3087,19
3088,871
3089,474
3090,564
3091,616
3092,159
3093,747
3094,460
3095,874
3096,39
3097,765
3098,82
3099,79
3100,545
3101,873
3102,656
3103,826
3104,801
3105,951
3106,158
3107,156
3108,149
3109,455
3110,846
3111,51
3112,187
3113,515
3114,339
3115,80
3116,778
3117,303
3118,39
3119,737
3120,738
3121,777
3122,85
3123,318
3124,876
3125,528
3126,745
3127,560
3128,627
3129,837
3130,103
3131,142
3132,199
3133,760
3134,148
3135,737
3136,596
3137,872
3138,623
3139,370
3140,82
3141,325
3142,262
3143,663
3144,444
3145,150
3146,127
3147,865
3148,129
3149,915
3150,808
3151,34
3152,764
3153,583
3154,357
3155,454
3156,456
3157,66
3158,212
3159,763
3160,309
3161,803
3162,894
3163,308
3164,785
3165,575
3166,120
3167,665
3168,376
3169,832
3170,827
3171,105
3172,78
3173,748
3174,744
3175,92
3176,737
3177,573
3178,810
3179,367
3180,533
3181,895
3182,985
3183,347
3184,422
3185,552
3186,627
3187,101
3188,776
3189,556
3190,607
3191,904
3192,193
3193,807
3194,993
3195,443
3196,630
3197,410
3198,128
3199,124
3200,137
3201,668
3202,985
3203,284
3204,290
3205,316
3206,557
3207,751
3208,975
3209,110
3210,193
3211,659
3212,682
3213,565
3214,804
3215,913
3216,594
3217,348
3218,508
3219,331
3220,596
3221,924
3222,966
3223,539
3224,365
3225,934
3226,602
3227,884
3228,788
3229,843
3230,865
3231,373
3232,198
3233,512
3234,706
3235,690
3236,979
3237,416
3238,743
3239,598
3240,55
3241,924
3242,630
3243,619
3244,783
3245,690
3246,387
3247,994
3248,188
3249,512
3250,238
3251,474
3252,230
3253,274
3254,984
3255,734
3256,831
3257,489
3258,412
3259,675
3260,844
3261,116
3262,971
3263,222
3264,549
3265,254
3266,920
3267,35
3268,643
3269,138
3270,675
3271,225
3272,807
3273,533
3274,800
3275,648
3276,525
3277,184
3278,508
3279,394
3280,305
3281,454
3282,513
3283,942
3284,236
3285,425
3286,293
3287,922
3288,350
3289,325
3290,858
3291,783
3292,165
3293,402
3294,911
3295,347
3296,275
3297,183
3298,248
3299,158
3300,29
3301,230
3302,770
3303,139
3304,432
3305,876
3306,279
3307,918
3308,880
3309,784
3310,918
3311,461
3312,492
3313,864
3314,123
3315,309
3316,473
3317,585
3318,360
3319,480
3320,431
3321,227
3322,140
3323,756
3324,242
3325,276
3326,788
3327,873
3328,357
3329,658
3330,940
3331,770
3332,622
3333,601
3334,228
3335,20
3336,424
3337,150
3338,169
3339,498
3340,438
3341,505
3342,687
3343,395
3344,609
3345,126
3346,765
3347,629
3348,645
3349,498
3350,515
3351,546
3352,801
3353,135
3354,824
3355,593
3356,850
3357,620
3358,706
3359,933
3360,436
3361,442
3362,441
3363,813
3364,56
3365,369
3366,384
3367,359
3368,802
3369,536
3370,67
3371,699
3372,764
3373,961
3374,763
3375,155
3376,621
3377,536
3378,881
3379,360
3380,811
3381,413
3382,688
3383,767
3384,546
3385,588
3386,888
3387,198
3388,809
3389,391
3390,584
3391,988
3392,2
3393,947
3394,690
3395,566
3396,98
3397,841
3398,290
3399,177
3400,823
3401,839
3402,910
3403,459
3404,208
3405,805
3406,782
3407,458
3408,38
3409,276
3410,802
3411,248
3412,630
3413,549
3414,675
3415,650
3416,744
3417,737
3418,302
3419,482
3420,637
3421,854
3422,422
3423,677
3424,638
3425,604
3426,70
3427,759
3428,124
3429,456
3430,526
3431,599
3432,607
3433,767
3434,639
3435,189
3436,471
3437,127
3438,558
3439,183
3440,614
3441,456
3442,843
3443,18
3444,375
3445,79
3446,592
3447,457
3448,718
3449,896
3450,499
3451,982
3452,754
3453,138
3454,710
3455,458
3456,56
3457,659
3458,654
3459,872
3460,275
3461,598
3462,918
3463,125
3464,362
3465,980
3466,892
3467,381
3468,588
3469,9
3470,175
3471,524
3472,486
3473,324
3474,21
3475,672
3476,58
3477,387
3478,27
3479,327
3480,790
3481,719
3482,243
3483,612
3484,750
3485,500
3486,173
3487,192
3488,983
3489,801
3490,846
3491,281
3492,95
3493,866
3494,110
3495,659
3496,880
3497,790
3498,958
3499,909
3500,532
3501,141
3502,129
3503,237
3504,96
3505,835
3506,466
3507,980
3508,510
3509,250
3510,82
3511,193
3512,110
3513,778
3514,853
3515,99
3516,465
3517,824
3518,36
3519,685
3520,602
3521,952
3522,769
3523,818
3524,973
3525,267
3526,836
3527,772
3528,472
3529,493
3530,637
3531,761
3532,169
3533,264
3534,653
3535,98
3536,760
3537,763
3538,337
3539,462
3540,648
3541,578
3542,333
3543,574
3544,102
3545,870
3546,316
3547,583
3548,517
3549,127
3550,970
3551,415
3552,511
3553,93
3554,17
3555,199
3556,172
3557,699
3558,609
3559,306
3560,860
3561,529
3562,294
3563,291
3564,92
3565,472
3566,801
3567,495
3568,672
3569,223
3570,103
3571,570
3572,227
3573,173
3574,524
3575,222
3576,691
3577,979
3578,576
3579,257
3580,46
3581,746
3582,297
3583,101
3584,153
3585,853
3586,314
3587,940
3588,678
3589,424
3590,250
3591,599
3592,960
3593,615
3594,432
3595,622
3596,685
3597,148
3598,46
3599,49
3600,117
3601,906
3602,504
3603,877
3604,523
3605,935
3606,238
3607,987
3608,417
3609,894
3610,769
3611,642
3612,923
3613,639
3614,123
3615,210
3616,685
3617,815
3618,334
3619,97
3620,464
3621,880
3622,471
3623,17
3624,723
3625,601
3626,248
3627,820
3628,723
3629,503
3630,981
3631,665
3632,147
3633,262
3634,451
3635,919
3636,911
3637,764
3638,481
3639,465
3640,151
3641,847
3642,278
3643,568
3644,733
3645,357
3646,337
3647,290
3648,273
3649,872
3650,829
3651,219
3652,955
3653,58
3654,636
3655,540
3656,871
3657,53
3658,655
3659,785
3660,886
3661,265
3662,204
3663,794
3664,817
3665,554
3666,934
3667,705
3668,971
3669,411
3670,487
3671,302
3672,471
3673,322
3674,461
3675,1
3676,262
3677,867
3678,638
3679,337
3680,571
3681,71
3682,915
3683,422
3684,959
3685,321
3686,539
3687,402
3688,411
3689,584
3690,642
3691,573
3692,200
3693,169
3694,325
3695,672
3696,127
3697,59
3698,706
3699,597
3700,279
3701,749
3702,276
3703,172
3704,512
3705,817
3706,331
3707,140
3708,505
3709,402
3710,238
3711,755
3712,351
3713,542
3714,146
3715,384
3716,672
3717,82
3718,842
3719,441
3720,972
3721,956
3722,705
3723,3
3724,460
3725,99
3726,43
3727,308
3728,666
3729,353
3730,890
3731,617
3732,260
3733,118
3734,930
3735,750
3736,928
3737,686
3738,512
3739,142
3740,216
3741,755
3742,333
3743,83
3744,649
3745,430
3746,6
3747,117
3748,109
3749,787
3750,623
3751,625
3752,324
3753,83
3754,947
3755,863
3756,120
3757,603
3758,175
3759,588
3760,370
3761,936
3762,179
3763,292
3764,877
3765,461
3766,70
3767,981
3768,395
3769,592
3770,969
3771,871
3772,352
3773,348
3774,300
3775,975
3776,567
3777,34
3778,156
3779,938
3780,717
3781,244
3782,835
3783,709
3784,980
3785,121
3786,216
3787,487
3788,870
3789,410
3790,114
3791,384
3792,645
3793,412
3794,223
3795,637
3796,289
3797,258
3798,162
3799,570
3800,764
3801,177
3802,991
3803,216
3804,592
3805,391
3806,96
3807,506
3808,396
3809,478
3810,661
3811,512
3812,425
3813,768
3814,424
3815,476
3816,423
3817,622
3818,931
3819,724
3820,71
3821,925
3822,300
3823,912
3824,895
3825,552
3826,875
3827,42
3828,80
3829,282
3830,685
3831,137
3832,591
3833,6
3834,540
3835,913
3836,873
3837,681
3838,254
3839,705
3840,60
3841,947
3842,36
3843,518
3844,865
3845,247
3846,340
3847,484
3848,252
3849,454
3850,38
3851,621
3852,690
3853,723
3854,592
3855,510
3856,789
3857,889
3858,814
3859,597
3860,74
3861,872
3862,918
3863,281
3864,682
3865,1
3866,917
3867,407
3868,167
3869,144
3870,215
3871,474
3872,759
3873,784
3874,914
3875,263
3876,718
3877,816
3878,158
3879,443
3880,94
3881,782
3882,509
3883,102
3884,633
3885,820
3886,551
3887,319
3888,747
3889,146
3890,16
3891,811
3892,208
3893,753
3894,899
3895,133
3896,919
3897,187
3898,235
3899,863
3900,515
3901,285
3902,128
3903,876
3904,676
3905,659
3906,873
3907,668
3908,62
3909,755
3910,174
3911,648
3912,473
3913,61
3914,447
3915,408
3916,310
3917,90
3918,600
3919,833
3920,259
3921,219
3922,334
3923,61
3924,237
3925,516
3926,536
3927,391
3928,875
3929,384
3930,189
3931,828
3932,568
3933,787
3934,554
3935,236
3936,128
3937,383
3938,772
3939,565
3940,160
3941,17
3942,102
3943,869
3944,28
3945,418
3946,110
3947,101
3948,802
3949,72
3950,534
3951,441
3952,880
3953,831
3954,444
3955,687
3956,201
3957,976
3958,999
3959,710
3960,258
3961,22
3962,198
3963,124
3964,435
3965,365
3966,458
3967,785
3968,855
3969,743
3970,182
3971,164
3972,580
3973,675
3974,131
3975,765
3976,882
3977,576
3978,785
3979,611
3980,645
3981,503
3982,772
3983,235
3984,762
3985,383
3986,109
3987,168
3988,700
3989,132
3990,273
3991,3
3992,906
3993,824
3994,224
3995,478
3996,350
3997,636
3998,956
3999,242
4000,106
4001,780
4002,417
4003,748
4004,601
4005,730
4006,32
4007,976
4008,541
4009,291
4010,104
4011,117
4012,327
4013,561
4014,501
4015,675
4016,635
4017,282
4018,261
4019,679
4020,557
4021,958
4022,890
4023,948
4024,549
4025,941
4026,325
4027,221
4028,721
4029,669
4030,25
4031,108
4032,83
4033,5
4034,557
4035,368
4036,387
4037,343
4038,976
4039,299
4040,67
4041,464
4042,249
4043,519
4044,893
4045,476
4046,37
4047,341
4048,139
4049,855
4050,121
4051,501
4052,730
4053,323
4054,593
4055,188
4056,869
4057,514
4058,404
4059,332
4060,146
4061,348
4062,88
4063,980
4064,280
4065,263
4066,914
4067,662
4068,939
4069,306
4070,98
4071,974
4072,598
4073,971
4074,91
4075,800
4076,646
4077,739
4078,504
4079,328
4080,707
4081,935
4082,775
4083,986
4084,335
4085,915
4086,696
4087,830
4088,726
4089,778
4090,526
4091,595
4092,570
4093,610
4094,812
4095,486
4096,180
4097,708
4098,361
4099,116
4100,736
4101,79
4102,34
4103,94
4104,34
4105,621
4106,187
4107,76
4108,915
4109,939
4110,739
4111,432
4112,490
4113,862
4114,330
4115,875
4116,42
4117,737
4118,894
4119,999
4120,191
4121,26
4122,640
4123,379
4124,440
4125,843
4126,868
4127,63
4128,70
4129,638
4130,964
4131,341
4132,327
4133,465
4134,704
4135,0
4136,275
4137,200
4138,605
4139,301
4140,906
4141,936
4142,782
4143,736
4144,910
4145,768
4146,865
4147,595
4148,219
4149,996
4150,911
4151,720
4152,635
4153,802
4154,963
4155,470
4156,884
4157,899
4158,654
4159,191
4160,409
4161,594
4162,686
4163,687
4164,271
4165,801
4166,416
4167,86
4168,994
4169,460
4170,907
4171,945
4172,261
4173,956
4174,532
4175,941
4176,440
4177,820
4178,100
4179,737
4180,921
4181,289
4182,253
4183,444
4184,267
4185,581
4186,605
4187,860
4188,420
4189,36
4190,422
4191,431
4192,330
4193,760
4194,784
4195,264
4196,70
4197,679
4198,481
4199,124
4200,159
4201,518
4202,631
4203,36
4204,173
4205,596
4206,609
4207,72
4208,845
4209,562
4210,973
4211,388
4212,990
4213,392
4214,417
4215,653
4216,499
4217,670
4218,878
4219,16
4220,122
4221,672
4222,486
4223,722
4224,890
4225,415
4226,13
4227,252
4228,664
4229,515
4230,771
4231,477
4232,560
4233,99
4234,416
4235,230
4236,457
4237,437
4238,309
4239,628
4240,219
4241,632
4242,544
4243,210
4244,560
4245,680
4246,791
4247,722
4248,970
4249,823
4250,958
4251,835
4252,450
4253,118
4254,109
4255,738
4256,750
4257,583
4258,108
4259,51
4260,238
4261,253
4262,409
4263,997
4264,753
4265,532
4266,32
4267,119
4268,107
4269,840
4270,768
4271,958
4272,908
4273,716
4274,725
4275,855
4276,316
4277,184
4278,359
4279,600
4280,851
4281,252
4282,411
4283,727
4284,269
4285,789
4286,725
4287,798
4288,898
4289,680
4290,699
4291,36
4292,398
4293,767
4294,666
4295,295
4296,1
4297,281
4298,554
4299,123
4300,118
4301,106
4302,192
4303,686
4304,330
4305,463
4306,390
4307,244
4308,6
4309,383
4310,852
4311,156
4312,60
4313,928
4314,418
4315,340
4316,286
4317,537
4318,71
4319,865
4320,917
4321,457
4322,353
4323,530
4324,62
4325,560
4326,780
4327,584
4328,400
4329,348
4330,699
4331,890
4332,625
4333,251
4334,542
4335,309
4336,710
4337,393
4338,315
4339,569
4340,69
4341,727
4342,439
4343,821
4344,178
4345,208
4346,493
4347,502
4348,197
4349,603
4350,194
4351,82
4352,343
4353,476
4354,664
4355,456
4356,22
4357,391
4358,622
4359,104
4360,788
4361,429
4362,141
4363,166
4364,110
4365,506
4366,995
4367,70
4368,616
4369,566
4370,702
4371,511
4372,345
4373,711
4374,611
4375,410
4376,19
4377,324
4378,277
4379,873
4380,68
4381,814
4382,656
4383,898
4384,990
4385,340
4386,581
4387,608
4388,652
4389,757
4390,397
4391,396
4392,904
4393,897
4394,593
4395,122
4396,836
4397,629
4398,452
4399,659
4400,310
4401,956
4402,319
4403,416
4404,983
4405,734
4406,436
4407,72
4408,995
4409,899
4410,327
4411,449
4412,452
4413,155
4414,985
4415,269
4416,152
4417,775
4418,91
4419,750
4420,926
4421,671
4422,937
4423,478
4424,148
4425,264
4426,815
4427,695
4428,302
4429,739
4430,514
4431,87
4432,128
4433,291
4434,443
4435,954
4436,7
4437,697
4438,598
4439,24
4440,987
4441,363
4442,169
4443,91
4444,408
4445,551
4446,727
4447,281
4448,14
4449,524
4450,399
4451,376
4452,829
4453,173
4454,611
4455,387
4456,918
4457,675
4458,393
4459,234
4460,968
4461,483
4462,788
4463,451
4464,258
4465,603
4466,303
4467,679
4468,329
4469,894
4470,569
4471,411
4472,822
4473,508
4474,119
4475,130
4476,641
4477,449
4478,69
4479,287
4480,505
4481,103
4482,823
4483,212
4484,254
4485,686
4486,747
4487,927
4488,64
4489,534
4490,45
4491,856
4492,642
4493,90
4494,56
4495,46
4496,112
4497,764
4498,58
4499,786
4500,863
4501,80
4502,249
4503,148
4504,433
4505,151
4506,730
4507,792
4508,962
4509,146
4510,445
4511,855
4512,604
4513,536
4514,30
4515,143
4516,32
4517,371
4518,149
4519,855
4520,702
4521,543
4522,13
4523,389
4524,821
4525,887
4526,916
4527,650
4528,160
4529,787
4530,991
4531,699
4532,707
4533,456
4534,559
4535,230
4536,92
4537,811
4538,528
4539,14
4540,992
4541,266
4542,602
4543,245
4544,486
4545,766
4546,938
4547,401
4548,637
4549,585
4550,267
4551,946
4552,916
4553,135
4554,355
4555,493
4556,95
4557,753
4558,526
4559,776
4560,694
4561,526
4562,93
4563,220
4564,377
4565,222
4566,540
4567,441
4568,92
4569,571
4570,586
4571,344
4572,876
4573,281
4574,712
4575,595
4576,565
4577,809
4578,499
4579,25
4580,114
4581,90
4582,530
4583,561
4584,847
4585,519
4586,582
4587,18
4588,230
4589,877
4590,889
4591,23
4592,24
4593,984
4594,363
4595,756
4596,269
4597,789
4598,184
4599,916
4600,487
4601,63
4602,826
4603,251
4604,74
4605,998
4606,200
4607,542
4608,796
4609,831
4610,627
4611,41
4612,287
4613,660
4614,47
4615,470
4616,344
4617,712
4618,883
4619,481
4620,951
4621,511
4622,653
4623,789
4624,305
4625,215
4626,932
4627,449
4628,645
4629,582
4630,286
4631,711
4632,100
4633,788
4634,505
4635,15
4636,592
4637,996
4638,282
4639,341
4640,440
4641,93
4642,160
4643,679
4644,87
4645,460
4646,706
4647,299
4648,263
4649,124
4650,700
4651,543
4652,515
4653,497
4654,621
4655,618
4656,455
4657,14
4658,473
4659,409
4660,325
4661,550
4662,949
4663,927
4664,594
4665,129
4666,81
4667,429
4668,595
4669,642
4670,810
4671,947
4672,772
4673,278
4674,470
4675,861
4676,848
4677,157
4678,770
4679,444
4680,80
4681,924
4682,512
4683,156
4684,639
4685,519
4686,822
4687,930
4688,85
4689,746
4690,412
4691,574
4692,607
4693,658
4694,784
4695,343
4696,850
4697,991
4698,59
4699,285
4700,317
4701,876
4702,965
4703,900
4704,955
4705,12
4706,942
4707,128
4708,128
4709,463
4710,815
4711,279
4712,158
4713,134
4714,182
4715,580
4716,715
4717,450
4718,48
4719,906
4720,557
4721,865
4722,608
4723,942
4724,603
4725,526
4726,603
4727,788
4728,576
4729,952
4730,339
4731,368
4732,440
4733,623
4734,862
4735,238
4736,344
4737,287
4738,374
4739,417
4740,601
4741,37
4742,344
4743,467
4744,450
4745,491
4746,820
4747,534
4748,108
4749,257
4750,646
4751,419
4752,969
4753,606
4754,527
4755,629
4756,356
4757,118
4758,216
4759,176
4760,943
4761,44
4762,7
4763,458
4764,700
4765,340
4766,33
4767,178
4768,897
4769,405
4770,486
4771,619
4772,194
4773,785
4774,580
4775,642
4776,877
4777,993
4778,940
4779,405
4780,525
4781,72
4782,546
4783,521
4784,867
4785,733
4786,998
4787,642
4788,361
4789,855
4790,161
4791,249
4792,894
4793,600
4794,637
4795,227
4796,26
4797,845
4798,132
4799,18
4800,422
4801,711
4802,828
4803,389
4804,930
4805,977
4806,9
4807,533
4808,642
4809,57
4810,425
4811,219
4812,953
4813,729
4814,408
4815,636
4816,854
4817,328
4818,542
4819,718
4820,564
4821,691
4822,23
4823,373
4824,875
4825,793
4826,159
4827,821
4828,895
4829,75
4830,83
4831,214
4832,514
4833,889
4834,832
4835,497
4836,499
4837,134
4838,847
4839,490
4840,951
4841,77
4842,51
4843,192
4844,576
4845,584
4846,129
4847,108
4848,0
4849,356
4850,497
4851,674
4852,469
4853,270
4854,657
4855,492
4856,46
4857,710
4858,534
4859,426
4860,906
4861,266
4862,851
4863,624
4864,361
4865,302
4866,719
4867,633
4868,908
4869,51
4870,239
4871,839
4872,662
4873,178
4874,252
4875,668
4876,709
4877,833
4878,879
4879,943
4880,907
4881,18
4882,159
4883,365
4884,231
4885,237
4886,957
4887,979
4888,232
4889,251
4890,831
4891,108
4892,714
4893,688
4894,557
4895,880
4896,403
4897,391
4898,543
4899,390
4900,38
4901,773
4902,684
4903,11
4904,581
4905,754
4906,572
4907,824
4908,237
4909,831
4910,559
4911,189
4912,288
4913,462
4914,670
4915,720
4916,582
4917,18
4918,682
4919,554
4920,386
4921,868
4922,826
4923,865
4924,752
4925,919
4926,397
4927,899
4928,803
4929,578
4930,325
4931,744
4932,278
4933,981
4934,780
4935,540
4936,19
4937,493
4938,314
4939,125
4940,765
4941,797
4942,917
4943,393
4944,237
4945,822
4946,907
4947,870
4948,786
4949,179
4950,822
4951,386
4952,370
4953,778
4954,561
4955,805
4956,534
4957,905
4958,669
4959,249
4960,970
4961,603
4962,87
4963,905
4964,486
4965,17
4966,310
4967,165
4968,164
4969,100
4970,6
4971,967
4972,675
4973,269
4974,486
4975,377
4976,891
4977,962
4978,716
4979,195
4980,163
4981,790
4982,666
4983,570
4984,977
4985,932
4986,237
4987,303
4988,484
4989,668
4990,572
4991,303
4992,594
4993,774
4994,708
4995,406
4996,283
4997,710
4998,158
4999,439
